{
    "name":"fv-server-stats",
    "id":"fv-server-stats",
    "version":"1.0.0",
    "startFile":"index.ts",

    "enabled":true,
    "priority":0,
    "events":[],

    "npmDependencies":[],
    "requiredPlugins":[],
    "incompatiblePlugins":[],

    "details":{
        "author":"fv.dev",
        "shortDescription":"A simple example plugin to create a custom command using the Open Ticket API.",
        "longDescription":"A simple plugin to get server stats.",
        "imageUrl":"",
        "projectUrl":"",
        "tags":["serverstats","custom"]
    }
}